{
  "version": 2,
  "name": "wedesign-website",
  "alias": ["www.wedesign.design", "wedesign.design"],
  "build": {
    "env": {
      "NODE_ENV": "production"
    }
  },
  "functions": {
    "app/api/**/*.ts": {
      "runtime": "nodejs18.x"
    }
  },
  "headers": [
    {
      "source": "/(.*)",
      "headers": [
        {
          "key": "X-Frame-Options",
          "value": "DENY"
        },
        {
          "key": "X-Content-Type-Options",
          "value": "nosniff"
        },
        {
          "key": "Referrer-Policy",
          "value": "origin-when-cross-origin"
        },
        {
          "key": "Strict-Transport-Security",
          "value": "max-age=31536000; includeSubDomains"
        }
      ]
    },
    {
      "source": "/api/(.*)",
      "headers": [
        {
          "key": "Access-Control-Allow-Origin",
          "value": "https://www.wedesign.design"
        },
        {
          "key": "Access-Control-Allow-Methods",
          "value": "GET, POST, PUT, DELETE, OPTIONS"
        },
        {
          "key": "Access-Control-Allow-Headers",
          "value": "Content-Type, Authorization"
        }
      ]
    }
  ],
  "redirects": [
    {
      "source": "/home",
      "destination": "/",
      "permanent": true
    },
    {
      "source": "/index",
      "destination": "/",
      "permanent": true
    }
  ],
  "rewrites": [
    {
      "source": "/robots.txt",
      "destination": "/public/robots.txt"
    },
    {
      "source": "/sitemap.xml",
      "destination": "/public/sitemap.xml"
    }
  ],
  "cleanUrls": true,
  "trailingSlash": false,
  "github": {
    "silent": true
  }
}